"publisher","lat","lng"
"Aarhus",56.15674,10.21076
"Abbeville",50.10521,1.83547
"Abidjan",5.35444,-4.00167
"Abidjan Cote d'Ivoire",NA,NA
"Abingdon",-17.60856,143.18389
"Abomey",6.44852,2.35566
"Addis Abeba",9.02497,38.74689
"Adjame",6.27517,-3.51713
"Agde",43.31083,3.47583
"Agen",44.20199,0.62055
"Agha",34.22531,69.13296
"Agha Mustapha",NA,NA
"Ahuille",48.02076,-0.87071
"Aigle",48.76216,0.62746
"Aignan Gers",43.69773,0.08307
"Ain Temouchent",35.29749,-1.14037
"Airaines",49.96826,1.94266
"Ais",-27.98,17.58
"Ais de Prouvenco",NA,NA
"Aix",45.69173,5.90863
"Aix en Provence",43.5283,5.44973
"Aix les Bains",45.69173,5.90863
"Ajaccio",41.91886,8.73812
"Al Asitana",NA,NA
"Al Iskandariyya",32.54196,35.84621
"Al Qahira",30.06263,31.24967
"Alais",48.48306,2.34802
"Alan",43.81547,26.38797
"Albert",-36.88333,174.71667
"Albi",43.9298,2.148
"Alby",43.9298,2.148
"Alencon",48.43476,0.09311
"Ales",44.12489,4.08082
"Alexandrie",31.20176,29.91582
"Alfort",48.81171,2.43945
"Alfortville",48.80575,2.4204
"Alger",36.73225,3.08746
"Alger Algerie",36.73225,3.08746
"Alger Mustapha",36.76199,3.05343
"Alkmaar",52.63167,4.74861
"Allemagne",51.5,10.5
"Alphen aan den Rijn",52.12917,4.65546
"Altier",44.47428,3.86146
"Altkirch",47.62417,7.23954
"Ambondrona Nosy Be",-13.37735,48.19462
"Amiens",49.9,2.3
"Ammerschwihr",48.12548,7.28282
"Amsterdam",52.37403,4.88969
"Ancenis",47.36667,-1.16667
"Anduze",44.055,3.98495
"Angers",47.47156,-0.55202
"Angora",-12.5,18.5
"Angouleme",45.64997,0.15345
"Aniche",50.32995,3.25346
"Annecy",45.90878,6.12565
"Annonay",45.23992,4.6707
"Antakia Alexandrette Turquie",NA,NA
"Antibes",43.58579,7.10831
"Antony",48.75329,2.29668
"Anvers",51.22047,4.40026
"Anzin lez Valenciennes",NA,NA
"Aoste",45.82895,6.86948
"Apt",43.87638,5.39635
"Arbois",46.90311,5.77454
"Arcachon",44.66126,-1.17255
"Arcis sur Aube",48.53387,4.14085
"Arcueil",48.79993,2.33256
"Ardennes",50.16667,5.5
"Argel",36.73225,3.08746
"Argel Alger",36.73225,3.08746
"Argeles sur Mer",42.54714,3.02253
"Argelliers",43.69834,3.67298
"Argentan",48.74441,-0.02023
"Argenteuil",48.94788,2.24744
"Argenteuil?",NA,NA
"Argenton",46.58997,1.51981
"Arles",43.67681,4.63031
"Armee francaise d'Orient",NA,NA
"Armentieres",50.68568,2.88214
"Arnac Pompadour",45.40975,1.36993
"Arras",50.29301,2.78186
"Ars sur Formans",45.99491,4.81986
"Asniere",47.15343,2.23114
"Asnieres",48.91667,2.28333
"Astaffort",44.06337,0.6512
"Athenai",37.98376,23.72784
"Athenes",37.98376,23.72784
"Attichy Oise",49.41121,3.04949
"au bureau",-33.70021,150.31713
"Au Cap francais",NA,NA
"Au Cap Francais",NA,NA
"Au Cap francais. De l'Imprimerie de L'Honorey Dubuisson & compagnie",NA,NA
"au coin de la rue Dauphine ",NA,NA
"Au Kaire",NA,NA
"Aubenas",44.61975,4.39033
"Auberville sur Mer",49.3117,-0.0319
"Aubervilliers",48.91667,2.38333
"Aubigny au Bac",50.2637,3.16448
"Aubusson",45.95486,2.16724
"Auch",43.64561,0.58856
"Audincourt",47.48327,6.85341
"Aulus",42.79094,1.3374
"Aulus les Bains",42.79094,1.3374
"Aurilla",NA,NA
"Aurillac",44.92539,2.43983
"Autun",46.95104,4.29869
"Aux Deux Ponts",49.3056,-71.48423
"Auxerre",47.7996,3.57033
"Avallon",47.49002,3.90832
"Avesnes",50.12372,3.9257
"Avesnes sur Helpe",50.12372,3.9257
"Aveze",43.97165,3.6002
"Avignon",43.94834,4.80892
"Avignon Monclat",NA,NA
"Avignoun",NA,NA
"Avranches",48.68436,-1.35686
"Baabda",33.83389,35.54417
"Baclieu",9.2814,105.71904
"Bade",48.78232,9.17702
"Baden Baden",48.7606,8.23975
"Bagneres",43.06497,0.14876
"Bagneres de Bigorre",43.06497,0.14876
"Bagneux",48.79565,2.30796
"Bagnoles",48.5572,-0.41383
"Bagnolet",48.86667,2.41667
"Bagnolet Seine",48.86667,2.41667
"Baionan",NA,NA
"Bale",47.55839,7.57327
"Baltimore",39.29038,-76.61219
"Bamako",12.65,-8
"Bangui",4.36122,18.55496
"Banka Bafang",NA,NA
"Bapaume",50.10379,2.84966
"Bar le Du",47.02513,3.03167
"Bar le Duc",48.77275,5.16108
"Bar sur Aube",48.23315,4.7064
"Bar sur Seine",48.11295,4.37656
"Baranowitschi",NA,NA
"Barbezieux",45.45095,-0.13058
"Barcelona",41.38879,2.15899
"Barcelone",41.38879,2.15899
"Bascon par Chateau Thierry",NA,NA
"Basel",47.55839,7.57327
"Basse terre",15.99714,-61.73214
"Basse Terre",15.99714,-61.73214
"Basse Terre Guadeloupe",16.19163,-61.5914
"Basses Pyrenees",43.38,-0.41861
"Bastia",42.70278,9.45
"Batignolles",48.8835,2.3219
"Batna",35.55597,6.17414
"Bavay",50.29828,3.79372
"Bayeux",49.27732,-0.7039
"Bayonan",10.603,122.1628
"Bayonne",43.49316,-1.473
"Bayrut",33.9,35.48333
"Bazas",44.43161,-0.21337
"Beauchamp",13.81778,-60.91528
"Beauchamps",50.01202,1.51764
"Beaugency",47.78019,1.62705
"Beaulieu sur Mer",43.70692,7.33135
"Beaumarches",43.58608,0.0904
"Beaumont de Lomagne",43.88303,0.98768
"Beaumont sur Oise",49.14232,2.28705
"Beaune",47.02413,4.83887
"Beausoleil",46.5242,-73.74431
"Beauvais",49.43333,2.08333
"Bedee",48.17999,-1.94469
"Beirut",33.89332,35.50157
"Bel Abbes",35.18994,-0.63085
"Belfort",47.64218,6.85385
"Bellac",46.1221,1.04927
"Belle ile en mer",47.33306,-3.187
"Bellegarde Ain",46.10787,5.82421
"Belleme",48.37329,0.57005
"Bellerive",46.11652,3.40406
"Bellevue",15.6151,-61.43137
"Belley",45.75917,5.68813
"Benoite Vaux",49,5.33333
"Bercy",48.83828,2.38167
"Bergen op Zoom",51.495,4.29167
"Bergera",17.71667,22.93333
"Bergerac",44.85157,0.48171
"Berleburg i.W",NA,NA
"Berlin",52.52437,13.41053
"Bern",46.94809,7.44744
"Bernay",49.08888,0.59858
"Bernay de l'Eure",49.08888,0.59858
"Berne",46.94809,7.44744
"Besancon",47.24878,6.01815
"Beyrouth",33.89332,35.50157
"Beyrouth Syrie",NA,NA
"Beziers",43.34122,3.21402
"Biarritz",43.48055,-1.55684
"Biarritzen",NA,NA
"Bievres",48.75772,2.21881
"Bilbon",61.7,9.46667
"Billancourt",48.83545,2.24128
"Bingerville",5.35581,-3.88537
"Birac sur Tre",NA,NA
"Bischwiller",48.76826,7.85406
"Biskra",34.85038,5.72805
"Biskra Algerie",34.85038,5.72805
"Blaye",45.12764,-0.66225
"Blida",36.47004,2.8277
"Blidah",-3.05234,104.57746
"Blois",47.59432,1.32912
"Bobigny",48.90982,2.45012
"Bogota",4.60971,-74.08175
"Bois Colombes",48.91936,2.27485
"Bolbec",49.57321,0.47339
"Bologna",44.49381,11.33875
"Bone",36.9,7.76667
"Bone Algerie",36.9,7.76667
"Bonn am Rhein",NA,NA
"Bonneuil",48.7695,2.4793
"Bonneville",43.46658,-112.03414
"Bordeaux",44.84044,-0.5805
"Bordeoux",NA,NA
"Bordj bou Arreridj",36.07321,4.76108
"Bordj Menaiel",36.75,3.83333
"Boston",42.35843,-71.05977
"Bouches du Rhone",43.29695,5.38107
"Boufarik",36.57413,2.91214
"Bougie",36.75587,5.08433
"Bougie Algerie",36.75587,5.08433
"Bougival",48.86223,2.14148
"Bouillon",49.79324,5.06703
"Bouira",36.25,3.91667
"Boulogne",48.83545,2.24128
"Boulogne Billancourt",48.83545,2.24128
"Boulogne Seine",48.83545,2.24128
"Boulogne sur mer",50.72571,1.61392
"Boulogne sur Mer",50.72571,1.61392
"Boulogne sur Seine",48.83545,2.24128
"Bourbon Lancy",46.62214,3.76953
"Bourbonne les Bains",47.95305,5.74801
"Bourdeou",NA,NA
"Bourg",46.20574,5.2258
"Bourg de Peage",45.03151,5.04993
"Bourg de Peage Drome",45.03151,5.04993
"Bourg en Bresse",46.20574,5.2258
"Bourg la Reine",48.77888,2.31781
"Bourg les Valence",44.94703,4.89463
"Bourges",47.08333,2.4
"Boussa",8.72479,1.70498
"Boussac",46.34836,2.22027
"Bouville",49.56193,0.89514
"Braine le Comte",50.60979,4.14658
"Brassy",49.72914,2.04209
"Bray sur Seine",48.41371,3.23852
"Bray sur Somme",49.94085,2.71847
"Brazzaville",-4.26613,15.28318
"Brescia",45.53558,10.21472
"Brest",52.09755,23.68775
"Briancon",44.89978,6.64201
"Brides les Bains",45.453,6.56832
"Brie Comte Robert",48.69247,2.6109
"Briey",49.2492,5.93975
"Brignais",45.67383,4.75418
"Briva",45.1589,1.53326
"Brive",45.1589,1.53326
"Bruges",51.20892,3.22424
"Brussel",50.85045,4.34878
"Bruxelles",50.85045,4.34878
"Bucarest",44.43225,26.10626
"Budapest",47.49835,19.04045
"Buenos Aires",-34.61315,-58.37723
"C. S. S.",23.89154,90.40232
"Cadillac",44.63641,-0.31855
"Caen",49.18585,-0.35912
"Cagnes sur Mer",43.66352,7.1479
"Cahors",44.4491,1.43663
"Cairo",30.06263,31.24967
"Calais",50.95194,1.85635
"Calas",20.01667,-76.91667
"Calcutta",22.56263,88.36304
"Caluire et Cuire",45.79462,4.8464
"Calvados",49.09011,-0.30608
"Cambrai",50.17596,3.23472
"Cambridge",52.2,0.11667
"Camerino",43.13866,13.06785
"Cannes",43.55135,7.01275
"Cantal",45.13985,2.64947
"Canteleu Croisset",49.43889,1.03667
"Cap Haytien",19.75938,-72.19815
"Caracas",10.48801,-66.87919
"Carcassonne",43.21649,2.34863
"Carentan",49.30312,-1.24806
"Carmaux",44.04963,2.1581
"Carpentras",44.05507,5.04813
"Carthage Tunisie",36.85961,10.32978
"Casablanca",33.58831,-7.61138
"Castellane",43.84707,6.51283
"Castelnaudary",43.31814,1.95339
"Castelsarrasin",44.04042,1.10666
"Castillon en Couserans",42.92101,1.03168
"Castres",43.60527,2.24088
"Castries",13.9957,-61.00614
"Caudebec en Caux",49.52577,0.72561
"Cavaillon",43.83125,5.03586
"Cayenne",4.93333,-52.33333
"Cayeux",50.182,1.494
"Cayeux sur Mer",50.182,1.494
"Cempuis",49.65947,1.99112
"Ceret",42.48533,2.74804
"Cette",42.93584,-0.589
"Chabanais",45.87565,0.71978
"Chalais Meudon",NA,NA
"Chalon sur Saone",46.78112,4.85372
"Chalons",48.95393,4.36724
"Chalons en Champagne",48.95393,4.36724
"Chalons sur Marne",48.95393,4.36724
"Chalons sur Saone",46.78112,4.85372
"Chamalieres",45.77364,3.06703
"Chambery",45.56628,5.92079
"Champeaux",48.73795,-1.53146
"Chandernagor",22.86225,88.36796
"Chang hai",24.07056,120.39
"Chang Hai",24.07056,120.39
"Chapel Hill",35.9132,-79.05584
"Charbuy",47.82282,3.46617
"Charenton",48.82209,2.41217
"Charleroi",50.41136,4.44448
"Charleville",49.7685,4.72487
"Charleville Mezieres",49.7685,4.72487
"Charolles",46.43451,4.27527
"Charquemont",47.21417,6.8198
"Chartres",48.44685,1.48925
"Chateau Chinon",47.04417,4.02273
"Chateau Gaillard",-49.50111,69.16839
"Chateau Gontier",47.82705,-0.70512
"Chateau Thierry",49.04636,3.40304
"Chateaudun",48.07086,1.33783
"Chateauroux",46.81248,1.69362
"Chatellerault",46.81705,0.54518
"Chatillon",48.8024,2.29346
"Chatillon sur Seine",47.85851,4.57375
"Chaumont",48.11121,5.14134
"Chauny",49.61514,3.21857
"Chauve",-4.3,55.75
"Chaux de Fonds",47.09993,6.82586
"Cherbourg",49.63984,-1.61636
"Cherchel",36.605,2.19083
"Chevetogne",50.224,5.12064
"chez Alexandre Lesselin",NA,NA
"Chez Alexandre Lesselin ",NA,NA
"chez l'auteur",NA,NA
"chez le citoyen Eymenier",NA,NA
"chez M. Landelle",NA,NA
"chez P. Roux",NA,NA
"Chicago",41.85003,-87.65005
"Chinon",47.16701,0.24284
"Choisy le Roi",48.76846,2.41874
"Cholet",47.05893,-0.87974
"Cholon",32.01034,34.77918
"Chomerac",44.70752,4.66164
"Clamart",48.80299,2.26692
"Clamecy",47.46017,3.5194
"Clermond Ferrand",NA,NA
"Clermont",45.77969,3.08682
"Clermont Ferrand",45.77969,3.08682
"Clermont l'Herault",43.62756,3.4318
"Clermont Oise",49.37897,2.41258
"Clichy",48.90018,2.30952
"Closjoly",NA,NA
"Cluny",46.43318,4.65845
"Coblence",50.35357,7.57883
"Cogna",46.5814,5.75855
"Cognac",45.69581,-0.32867
"Coimbra",40.20564,-8.41955
"Colmar",48.08078,7.35584
"Cologne",50.93333,6.95
"Colombes",48.91882,2.25404
"Comines",50.7615,3.01063
"Commentry",46.28876,2.74163
"compagnie",18.2,-73.71667
"Compiegne",49.41794,2.82606
"Conakry",9.53795,-13.67729
"Conde sur l'Escaut",50.45436,3.58884
"Conde sur Noireau",48.84881,-0.55214
"Condom",43.95816,0.37199
"Confolens",46.05362,0.68361
"Congenies",43.77804,4.15964
"Constantine",36.365,6.61472
"Constantinople",41.01384,28.94966
"Constantinople Istanbul",41.01384,28.94966
"Constanz",NA,NA
"Copenhague",55.67594,12.56553
"Corbeil",48.60603,2.48757
"Corning Iowa",40.99732,-94.75572
"Corquilleroy",48.04212,2.70382
"Cotonou",6.36536,2.41833
"Coudekerque Branche",51.02288,2.39359
"Coulommiers",48.81451,3.08498
"Coulonges sur l'Autize",46.4834,-0.59884
"Courbevoie",48.89672,2.25666
"Cours",47.41101,2.92528
"Coutances",49.04541,-1.44518
"Craon",47.00114,2.74648
"Crecy en Ponthieu",50.25193,1.88085
"Creteil",48.79266,2.46569
"Curbigny",46.30793,4.31038
"Cusset",46.13452,3.45639
"Cuxac d'Aude",43.24629,2.99889
"D.F.",-34.61315,-58.37723
"Dahomey",9.5,2.25
"Dakar",14.6937,-17.44406
"Damas",33.5102,36.29128
"Damery Brunet",NA,NA
"Dammarie les Lys",48.51667,2.65
"dans les departemens",NA,NA
"Dax",43.71032,-1.05366
"DDR",52.19498,12.51559
"de H.",-2.49919,112.975
"de l'Imprimerie de L'Honorey Dubuisson & compagnie",NA,NA
"de l'imprimerie de Marc Aurel",NA,NA
"de l'Imprimerie des anciennes Petites affiches",NA,NA
"de l'Imprimerie du Gouvernement",NA,NA
"Den Haag",52.07667,4.29861
"Denain",50.3293,3.3943
"Deutsche Feldpost 78",NA,NA
"Deutsche Feldpost n? 654",NA,NA
"Deutsches postamt Tongern",NA,NA
"devant le Pont Neuf. Du 15. Novembre 1665.  Du 25. janvier 1666.",NA,NA
"Diego Suarez",-12.31732,49.29188
"Dieppe",49.9216,1.07772
"Differt",49.61625,5.8101
"Digne",44.09252,6.23199
"Dijon",47.31667,5.01667
"Dima<U+009A>q",NA,NA
"Dinan",48.45553,-2.05049
"Dinard",48.63293,-2.06274
"directeur du Journal general",NA,NA
"Djibouti",11.58901,43.14503
"Djidjelli",36.821,5.76352
"Dole",47.09225,5.48966
"Domois Dijon",NA,NA
"Dordrecht",51.81,4.67361
"Douai",50.37069,3.07922
"Douala",4.04827,9.70428
"Douarnenez",48.09542,-4.32904
"Douaumont",49.22123,5.51241
"Doullens",50.15724,2.34019
"Dounoux",48.10468,6.44472
"Dourdan",48.52772,2.01113
"Draguignan",43.53692,6.46458
"Drancy",48.92578,2.44533
"Dresden",51.05089,13.73832
"Dreux",48.73649,1.36566
"Dreveno",41.32755,22.37625
"Dunkerque",51.0344,2.37681
"Dusseldorf",51.22172,6.77616
"Eaubonne",48.99712,2.28249
"Eaux Bonnes",42.97436,-0.38963
"Ecoyeux",45.82221,-0.50604
"Edinburgh",55.95206,-3.19648
"Einsiedeln Suisse",47.12849,8.74735
"Elbeuf",49.28669,1.00288
"Enghien les Bains",48.96667,2.31667
"Epernay",49.04,3.95922
"Epinal",48.18324,6.45304
"Epone",48.95476,1.82233
"Ermont",48.99004,2.25804
"Essonnes S. et O.",NA,NA
"Etampes",48.43507,2.16233
"Evreux",49.02414,1.15082
"Evron",48.15587,-0.40242
"Falaise",48.89217,-0.19527
"Fallingbostel",52.86641,9.69558
"Falticeni",47.45,26.3
"Faureville",NA,NA
"Fay Loire Inferieure",47.41515,-1.79196
"Fecamp",49.75787,0.37457
"Fes",34.03313,-5.00028
"Feurs",45.73337,4.22755
"Fez",34.03313,-5.00028
"Fianarantsoa",-21.45267,47.08569
"Firenze",43.77925,11.24626
"Fitz James",49.39113,2.4307
"Flers",48.73722,-0.57466
"Flers de l'Orne",48.73722,-0.57466
"Flora",61.59994,5.03144
"Florence",43.77925,11.24626
"Foix",42.96535,1.60705
"Folkestone",51.08169,1.16734
"Fontainebleau",48.40908,2.70177
"Fontenay aux Roses",48.79325,2.29275
"Fontenay le Comte",46.46671,-0.80624
"Fontenay sous Bois",48.85442,2.48268
"Forbach",49.18848,6.89255
"Forcalquier",43.95927,5.77945
"Forges les Eaux Seine Inferieure",49.61391,1.54449
"Fort de France",14.60365,-61.07418
"Fort de Rosny",NA,NA
"Fort Royal",14.60365,-61.07418
"Foucarmont Seine Inferieure",49.84682,1.56899
"Fougeres",48.35157,-1.19961
"Fourmies",50.01532,4.04784
"France",46,2
"Franceville",-1.63333,13.58357
"Francja",46,2
"Frankfurt am Main",50.11552,8.68417
"Frankreich",46,2
"Freiburg i. Br.",NA,NA
"Fresnes",48.75568,2.32241
"Fribourg",46.80237,7.15128
"Fribourg en Brisgau",47.9959,7.85222
"Fumel Lot & Garonne",44.49898,0.96725
"Gailla",NA,NA
"Gaillac",43.9016,1.89686
"Gand",51.05,3.71667
"Gap",44.55858,6.07868
"Garches",48.84226,2.18232
"Gard",44.0179,4.28751
"Garges",48.96791,2.39781
"Gazinet Cestas",44.7722,-0.69914
"Gebweiler",47.91667,7.2
"Geneva",46.20222,6.14569
"Geneve",46.20222,6.14569
"Geneve Lausanne",46.19759,6.15735
"Gennevilliers",48.93333,2.3
"Gentilly",48.81294,2.3417
"Gentilly La",46.31115,-72.2185
"Gerardmer",48.07346,6.87787
"Ghisoni",42.10318,9.21148
"Gien",47.69332,2.63094
"Gisors",49.28178,1.7801
"Givry",46.78202,4.74262
"Goree",14.667,-17.3983
"Gorron",49.00639,-73.74306
"Gotha",50.94823,10.70193
"Gottingen",51.53443,9.93228
"Grand Bassam",5.2118,-3.73884
"Grand Montrouge",48.8162,2.31393
"Grandjean",54.45444,-74.37861
"Granville",48.83792,-1.59714
"Grasse",43.65783,6.92537
"Gravenhage",52.07667,4.29861
"Gravenhage.",52.07667,4.29861
"Gray",47.44575,5.59215
"Great Queen street Lincoln's Inn Fields... 1776 1792",NA,NA
"Grenoble",45.17869,5.71479
"Grignols",44.38788,-0.04382
"Grignon Cote d'Or",47.5606,4.40952
"Grignon pres Les Laumes Cote d'Or",NA,NA
"Groningen",53.21917,6.56667
"Groupe Poligrafici Editoriale",NA,NA
"Guadeloupe",16.25,-61.58333
"Guebwiller",47.91667,7.2
"Guelma",36.46214,7.42608
"Guerande",47.32829,-2.42934
"Gueret",46.17185,1.87166
"Guethary",43.42419,-1.60901
"Guillestre",44.6595,6.64948
"Guipavas",48.43411,-4.40197
"Guise",49.90055,3.62801
"Guise Aisne",49.90055,3.62801
"Ha Ni",37.32806,129.14028
"Haarlem",52.38084,4.63683
"Haarlem.",52.38084,4.63683
"Hagenau",48.81557,7.79051
"Haguenau",48.81557,7.79051
"Haiphong",20.86481,106.68345
"Halle",51.48158,11.97947
"Halle a. d. S.",NA,NA
"Halle a. Saale",NA,NA
"Hallencourt",49.99201,1.87649
"Halluin",50.78628,3.12611
"Ham",39.91833,127.53639
"Hambourg",53.55073,9.99302
"Hammelburg",50.11633,9.89143
"Hanoi",21.0245,105.84117
"Hanoi Haiphong",NA,NA
"Harfleur",49.5066,0.19827
"Hatunaholm Suede",59.63333,17.61667
"Havre",49.4938,0.10767
"Hazebrouck",50.72374,2.53729
"Heemstede.",52.34992,4.62301
"Heidelberg",49.40768,8.69079
"Heilbronn",49.13995,9.22054
"Heitz und Mundel",NA,NA
"Helsinki",60.16952,24.93545
"Hendaya",43.35809,-1.7744
"Hendaye",43.35809,-1.7744
"Henin Lietard",50.41359,2.96485
"Hennebont",47.80479,-3.27812
"Herblay",48.98994,2.1699
"Hericourt",47.57305,6.76139
"Hermannstadt",45.78428,24.14383
"Hilversum",52.22333,5.17639
"Hongkong",22.27832,114.17469
"Hoorn",52.6425,5.05972
"Houplines",50.69499,2.91518
"Hue",16.4619,107.59546
"Hulst",51.31897,4.0869
"Huningue",47.60477,7.57782
"Hussein Dey",36.73654,3.12463
"Hussein Dey Alger",36.73654,3.12463
"Hyeres",43.12038,6.12857
"Iasi",47.16667,27.6
"Ile des Pins",-22.58886,167.45597
"Ile Saint Denis",48.93564,2.35387
"Illiers Combray",48.3,1.25
"Indre",46.83333,1.66667
"Iowa City Iowa",41.66113,-91.53017
"Irgendwo in Frankreich",NA,NA
"Isigny",49.31604,-1.10384
"Issoudun",46.94848,1.99362
"Issoundun",NA,NA
"Issy les Moulineaux",48.82104,2.27718
"Istanbul",41.01384,28.94966
"Ithaca",38.38419,20.67078
"Ivry sur Seine",48.81568,2.38487
"Ixelles",50.83333,4.36667
"Jallans",48.07445,1.3686
"Jarna",59.09165,17.56615
"Jarville",48.66697,6.20269
"Jemappes",50.44914,3.89096
"Jemmapes Constantine",NA,NA
"jeune",45.61876,6.08125
"Joeuf Homecourt",NA,NA
"Joigny",47.98288,3.40096
"Joinville le Pont",48.82538,2.47458
"Jonzac",45.44636,-0.43485
"Juan les Pins",43.56945,7.11309
"Juilly",49.01375,2.70563
"Juvisy",48.68333,2.38333
"Juvisy sur Orge",48.68333,2.38333
"K. Polis",10.38167,42.56806
"Kain",54.21667,54.15
"Kairo",30.06263,31.24967
"Karikal",10.91667,79.83333
"Kayes",14.44693,-11.44448
"Kehl",48.57297,7.81523
"Keraez",NA,NA
"Khrab Algerie",NA,NA
"Kobenhavn",55.67594,12.56553
"Kolbsheim",48.56093,7.59001
"Kolea",36.63888,2.76845
"Kolmar",48.08078,7.35584
"Koln",50.93333,6.95
"Kopenhagen",55.67594,12.56553
"Kouang tcheou wan",21.1,110.46667
"Koulouba",12.58379,-8.32367
"Krakow",50.06143,19.93658
"Kunheim",48.07657,7.53489
"l'ancien hotel d'Anjou",NA,NA
"l'enseigne de l'Imprimerie. Ce 13. janvier 1658 Ce 20. mars 1658.",NA,NA
"La",-16.5,-68.15
"La Bassee",50.53424,2.8062
"La Baule",47.29221,-2.36395
"la boutique a cote de l'horloger... L'an 2e de la Republique francoise",NA,NA
"La Calle i.e. El Kala",NA,NA
"la Cayenne",4.93333,-52.33333
"La Chapelle Montligeon",48.48233,0.65616
"La Chatre",46.58228,1.98734
"La Chaume",47.62762,4.58238
"La Chaux de Fonds",47.09993,6.82586
"La Ciotat",43.17476,5.60449
"La Fere",49.66286,3.36631
"La Ferte Mace",48.58999,-0.358
"La Ferte Milon",49.17453,3.12885
"La Fleche",47.69815,-0.07553
"la Fontaine des Pastoureaux... 1656 Ce 5. janvier 1658.   A Paris",NA,NA
"La Garenne Colombes",48.90472,2.2469
"La Grand'Combe",44.2116,4.03001
"La Guadeloupe",16.273,-61.50507
"La Haye",48.79561,-1.39655
"La Haye i. e. Paris",NA,NA
"La Louviere",50.48657,4.18785
"La Madeleine lez Lille",NA,NA
"La Neuve Lyre",48.90786,0.74622
"La Nouvelle Orleans",29.95465,-90.07507
"La Roche sur Yon",46.66974,-1.42757
"La Rochefoucauld",45.74101,0.38587
"La Rochelle",46.16308,-1.15222
"La Seyne",43.10322,5.87816
"La Tremblade",45.7699,-1.14232
"La Varenne Saint Hilaire",48.79479,2.51271
"Labastide Rouairoux",43.4763,2.63929
"Lagny",48.86667,2.71667
"Lamalou les Bains",43.59758,3.07985
"Lambersart",50.65,3.03333
"Lambersart lez Lille",NA,NA
"Landerneau",48.4515,-4.25175
"Landsberg sur Lech",NA,NA
"Langon",44.55277,-0.24986
"Langres",47.86263,5.33308
"Lannion",48.73264,-3.45657
"Lanzac",44.87413,1.48303
"Laon",49.5631,3.62714
"Lapalisse",46.24835,3.63605
"Lapleau",45.32295,2.20477
"Largentiere",44.54272,4.29342
"Lattaquie Syrie",35.53168,35.79011
"Lausanne",46.516,6.63282
"Lauzerte",44.25577,1.1378
"Laval",45.56995,-73.692
"Lavaur",43.69886,1.81211
"Laxou les Nancy",NA,NA
"Le Beaucet Saint Gens",NA,NA
"Le Blan",48.93872,2.46138
"Le Boulou",42.52424,2.83336
"Le Bourget",48.93405,2.43584
"Le Bouscat",44.86488,-0.59864
"Le Bousquet d'Orb",43.6925,3.16595
"Le Caire",30.06263,31.24967
"Le Carcanet",NA,NA
"Le Collet de Deze",44.24545,3.92246
"Le Creusot",46.80714,4.41632
"Le Gua",45.01667,5.61667
"Le Havre",49.4938,0.10767
"Le Kremlin Bicetre",48.81471,2.36073
"Le Loroux Botterau",NA,NA
"Le Mans",48.0021,0.20251
"Le Mesnil Saint Loup",NA,NA
"Le Neubourg",49.15048,0.9102
"Le Parc Saint Maur",48.8,2.48333
"Le Perreux",48.85,2.5
"Le Pontet d'Avignon",43.96119,4.86008
"Le Pontet Vaucluse",43.96119,4.86008
"Le Pre Saint Gervais",48.88549,2.40422
"Le Puy",45.04366,3.88523
"Le Puy en Velay",45.04366,3.88523
"Le Raincy",48.89916,2.52298
"Le Vesinet",48.89281,2.13308
"Le Vigan",43.99106,3.60648
"Lecis",NA,NA
"Leide",58.66108,6.94054
"Leiden",52.15833,4.49306
"Leiden.",52.15833,4.49306
"Leipsig",43.40083,-88.86427
"Leipzig",51.33962,12.37129
"Leipzig?",NA,NA
"Lens",50.43302,2.82791
"Leopol Lwow",NA,NA
"Leopoldville",-4.32758,15.31357
"Les Cayes Haiti",18.19331,-73.74601
"Les Lilas",48.87992,2.42057
"Les Mureaux S. et O.",NA,NA
"Les Noes",48.30358,4.04552
"Les Ollieres",45.7571,4.72625
"Les Sables d'Olonne",46.49687,-1.7847
"Les Ulis",48.68167,2.16944
"Levallois",48.89389,2.28864
"Levallois Perret",48.89389,2.28864
"Levis Quebec",46.80326,-71.17793
"Leyde",52.15833,4.49306
"Lezay",46.26494,-0.00909
"Lezignan",43.20085,2.75745
"Libourne",44.91449,-0.24186
"libraire",NA,NA
"Libreville",0.39241,9.45356
"Liefra par Fontette Aube",NA,NA
"Liege",50.63373,5.56749
"Lieux divers",NA,NA
"Lievin",50.4198,2.78068
"ligne d'Orleans",NA,NA
"Liguge",46.51984,0.32665
"Liguge Poitiers",46.51984,0.32665
"Lille",50.63297,3.05858
"Lillebonne",49.5203,0.53617
"Lima",-12.04318,-77.02824
"Limoges",45.83362,1.24759
"Limoux",43.05487,2.22173
"Lione",45.74846,4.84671
"Lipsia",51.33962,12.37129
"Lisboa",38.71667,-9.13333
"Lisieux",49.1466,0.22925
"Lisle en Rigault",48.71666,5.04778
"Livry",48.9193,2.54305
"Livry Gargan",48.9193,2.54305
"Loches",47.12858,0.99522
"Lodeve",43.73178,3.31959
"Logelbach France",48.08542,7.31762
"Loix",46.22343,-1.44092
"Loix en Re",NA,NA
"Lombez",43.47543,0.91039
"Lome Togo",6.12874,1.22154
"London",51.50853,-0.12574
"London sic",NA,NA
"Londres",51.50853,-0.12574
"Longchaumois",46.46228,5.93052
"Longjumeau",48.69503,2.30735
"Longuyon",49.44181,5.60508
"Lons le Saunier",46.67535,5.55575
"Loos Lille",50.60982,3.01874
"Lorient",47.74817,-3.37177
"Los Angeles",34.05223,-118.24368
"Louhans",46.62637,5.22468
"Lourdes",43.09461,-0.04611
"Louvain",50.87959,4.70093
"Louvain la Neuve",50.66829,4.61443
"Louviers",49.21667,1.16667
"Luchon",42.79079,0.59341
"Lucon",16,121
"Lucy Louis.",38.6512,-90.3146
"Lugdunum Batavorum",52.15833,4.49306
"Lunel",43.67778,4.13611
"Luneray",49.82795,0.91581
"Luneville",48.59273,6.49383
"Lwow",49.83826,24.02324
"Lyon",45.74846,4.84671
"Lyon ?",NA,NA
"Maartensdijk",52.155,5.175
"Macon",46.31407,4.82823
"Madrid",40.4165,-3.70256
"Madrid etc.",NA,NA
"Magdeburg",52.12773,11.62916
"Maidieres",48.89961,6.04005
"Maison Carree",36.72028,3.145
"Maison Carree Alger",36.72028,3.145
"Maisons Alfort",48.81171,2.43945
"Maisons Alfort ?",NA,NA
"Majunga",-15.71667,46.31667
"Malakoff",48.81999,2.29998
"Malines",51.02574,4.47762
"Malo les Bains",51.04517,2.39972
"Malzeville",48.71235,6.18468
"Mamers",48.18723,0.65247
"Manheulles",49.11167,5.59722
"Manosque",43.82883,5.78688
"Maoulen",NA,NA
"Marcigny",46.27627,4.03957
"Maredsous",50.30776,4.765
"Marengo",32.24761,-87.78952
"Marennes",45.62089,4.91236
"Marly le Roi",48.86667,2.08333
"Marne",48.81642,2.49366
"Maroc ?",NA,NA
"Marrakech",31.63416,-7.99994
"Marseglia",43.29695,5.38107
"Marseille",43.29695,5.38107
"Marseille ?",NA,NA
"Marsella Marseille",43.29695,5.38107
"Marsiglia",43.29695,5.38107
"Marsilya",43.29695,5.38107
"Martinique",14.66667,-61
"Mascara",35.39664,0.14027
"Mass.",13.48833,-16.41083
"Massy",48.72692,2.28301
"Maubeuge",50.27875,3.97267
"Mauriac",45.21899,2.33353
"Maxeville",48.71324,6.16658
"Mayence",49.98419,8.2791
"Mayenne",48.30337,-0.61383
"Mazeres",43.2773,-0.35246
"Meaux",48.96014,2.87885
"Meknes",33.89352,-5.54727
"Melle",51.00232,3.80526
"Melun",48.5457,2.65356
"Mende",44.52161,3.49978
"Menin",50.79722,3.12245
"Menton",43.77649,7.50435
"Mereville",48.59113,6.15106
"Merville",50.617,2.64
"Meslay du Maine",47.9514,-0.55583
"Metz",49.11911,6.17269
"Meudon",48.81381,2.235
"Meulan",3.15,12.16667
"Mexico",23,-102
"Meymac",45.53583,2.14699
"Meyrueis",44.17865,3.42916
"Mezieres",49.7685,4.72487
"Milan",45.46427,9.18951
"Milano",45.46427,9.18951
"Millerton N.Y.",NA,NA
"Miramas",43.58508,5.00268
"Miribel les Echelles",45.43155,5.7081
"Moissac",44.1045,1.08474
"Monaco",43.73141,7.41903
"Mons",50.45413,3.95229
"Mont Bernanchon",50.58333,2.58333
"Mont de Marsan",43.89022,-0.49713
"Mont Saint Aignan",49.46307,1.09364
"Montaigu",44.3397,1.01793
"Montargis",47.99696,2.73261
"Montauban",44.01759,1.3542
"Montbard",47.62294,4.337
"Montbeliard",47.50957,6.79823
"Montbrison",45.60752,4.06525
"Montbrisson",NA,NA
"Montceau les mines",46.66667,4.36667
"Montceau les Mines",46.66667,4.36667
"Montdidier",49.648,2.56991
"Montelimar",44.55468,4.75469
"Montelimar Drome",44.55468,4.75469
"Montendre",45.28557,-0.40827
"Montereau",48.38333,2.95
"Montevideo",-34.90328,-56.18816
"Montevrain",48.87415,2.75114
"Monthois",49.31194,4.70861
"Montjay la Tour",NA,NA
"Montlucon",46.34015,2.60254
"Montmartre",48.8925,2.3444
"Montmedy",49.52096,5.36835
"Montpellier",43.61093,3.87635
"Montreal",45.50884,-73.58781
"Montreuil",48.86415,2.44322
"Montreuil sous Bois",48.86415,2.44322
"Montreux",46.43301,6.91143
"Montrouge",48.8162,2.31393
"Montroulez",48.57784,-3.82792
"Morlaix",48.57784,-3.82792
"Mortagne",48.76216,0.62746
"Moscou",55.75222,37.61556
"Moscou Leningrad",NA,NA
"Moskau",55.75222,37.61556
"Moskva",55.75222,37.61556
"Mossoul",36.335,43.11889
"Mostaganem",35.93115,0.08918
"Mostaganem Algerie",35.93115,0.08918
"Mouchan",43.90428,0.2992
"Moulins",46.56459,3.33243
"Mount Pelie",36.31756,-88.94951
"Mourmansk",68.97917,33.09251
"Moutiers",45.48459,6.53146
"Mulhausen",47.75205,7.32866
"Mulhouse",47.75205,7.32866
"Munchen",48.13743,11.57549
"Munich",48.13743,11.57549
"Munster",51.96236,7.62571
"Mustapha",36.72328,3.61807
"Mustapha Alger",36.76199,3.05343
"N.Y.",-6,147
"Namdinh",NA,NA
"Nancy",48.68439,6.18496
"Nanterre",48.89198,2.20675
"Nantes",47.21725,-1.55336
"Nantua",46.15343,5.60601
"Napoleon",11.14966,-60.83219
"Napoleon Vendee",46.67129,-1.43285
"Napoli",40.85216,14.26811
"Narbonne",43.18396,3.00141
"Nauvoo Ill.",NA,NA
"Naves",-1.28333,-79.3
"Nerondes",46.99758,2.81834
"Neuchatel",46.99179,6.931
"Neufchateau",48.35557,5.69602
"Neuilly",48.8846,2.26965
"Neuilly Paris",48.8846,2.26965
"Neuilly Porte Maillot",48.87788,2.28466
"Neuilly sur Seine",48.8846,2.26965
"Nevers",46.98956,3.159
"New York",40.71427,-74.00597
"Nezignan l'Eveque",43.42138,3.40707
"Niamey",13.51366,2.1098
"Nice",43.70313,7.26608
"Niederbronn les Bains",48.95165,7.64271
"Nienburg sur Weser",NA,NA
"Nievre",47.11695,3.49192
"Nimes",43.83665,4.35788
"Niort",46.32313,-0.45877
"Nismes",50.07523,4.54767
"Nizza",43.70313,7.26608
"Nizza Marittima",NA,NA
"No. 73",49.58336,-106.16787
"Noeux les Mines",50.48333,2.66667
"Nogent sur Marne",48.81642,2.49366
"Nogent sur Seine",48.49372,3.50262
"Noisy le Se",NA,NA
"Noisy le Sec",48.89148,2.46451
"Nord",45.20543,8.96233
"Nord?",NA,NA
"Noumea",-22.27407,166.44884
"Nouvelle Caledonie",-21.5,165.5
"Nouvelle Orleans",29.95465,-90.07507
"Noyon",49.58333,3
"Nuits Saint Georges",47.13683,4.949
"Nurnberg",49.45421,11.07752
"Ohrdruf",50.82882,10.73407
"Oloron",43.19441,-0.61069
"On s'abonne",NA,NA
"On s'abonne a Paris",NA,NA
"On souscrit a Paris",NA,NA
"Oran",35.69906,-0.63588
"Orange",18.08124,-88.56328
"Orchies",50.46667,3.23333
"Oriant",47.74817,-3.37177
"Orleans",29.95465,-90.07507
"Orleansville",36.16525,1.33452
"Orly",48.74792,2.39253
"Orsay",48.69572,2.18727
"Orthez",43.48834,-0.77266
"Ottawa",45.41117,-75.69812
"ou : universelle",NA,NA
"Ouagadougou",12.36566,-1.53388
"Oucques",47.82252,1.29383
"Oujda",34.68139,-1.90858
"Oulchy le Chateau",49.20559,3.36975
"Oullins",45.71404,4.80755
"Oyonnax",46.25917,5.65727
"Pacy sur Eure",49.01667,1.38333
"Paimboeuf",47.28654,-2.03048
"Palermo",38.13205,13.33561
"Pamiers",43.1165,1.61079
"Pantin",48.89437,2.40935
"Papeete",-17.53733,-149.5665
"par E. Cox",NA,NA
"par Leignon Belgique",NA,NA
"Mussidan Dordogne",45.03505,0.36495
"Souillac Lot",44.89788,1.4738
"Parame",50.08347,-77.91606
"Paray le Monial",46.45457,4.11584
"Parc Saint Maur",48.8,2.48333
"Parc St Maur",48.8,2.48333
"Parigi",48.85341,2.3488
"Paris",48.85341,2.3488
"Parthenay",46.64832,-0.24672
"Paryz",48.85341,2.3488
"Pas de Calais",50.95194,1.85635
"Paterson New Jersey",40.91677,-74.17181
"Pau",43.31117,-0.35583
"Pavia",45.19205,9.15917
"Pekin",39.9075,116.39723
"Peking",39.9075,116.39723
"Perigueux",45.18691,0.71439
"Peronne",49.93218,2.9363
"Perpignan",42.69764,2.89541
"Perpinya",42.69764,2.89541
"Pessa",-14.65085,13.30789
"Petang Peking",NA,NA
"Petit Couronne",49.38333,1.01667
"Petit Montrouge",48.82642,2.3252
"Petit Saint Jean les Amiens",NA,NA
"Phalempin",50.51691,3.01584
"Phalsbourg",48.76771,7.2582
"Philadelphia",39.95233,-75.16379
"Philippeville",50.19612,4.54374
"Phnom Penh",11.56245,104.91601
"Phnompenh",11.56245,104.91601
"Pierrefitte",48.96691,2.36104
"Pierrelatte",44.37549,4.70314
"Pierrelaye",49.0211,2.15481
"Pisa",43.70853,10.4036
"Pissos",44.30894,-0.77859
"Pithiviers",48.17185,2.25185
"Pleudihen",48.51667,-1.96667
"Pnom Penh",11.56245,104.91601
"Pnompenh",NA,NA
"Poinson les Grangey",NA,NA
"Pointe a Pitre",16.24125,-61.53614
"Poissy",48.92902,2.04952
"Poitiers",46.58261,0.34348
"Poligny",46.83712,5.70505
"Pondicherry",11.93381,79.82979
"Pondichery",11.93381,79.82979
"Pont a Mousson",48.90702,6.05635
"Pont Saint Esprit",44.25656,4.6478
"Pontarlier",46.90347,6.35542
"Pontivy",48.06835,-2.96645
"Pontoise",49.05,2.1
"Pontorson",48.55316,-1.50754
"Pornic",47.11581,-2.10331
"Port au Prince",18.54349,-72.33881
"Port de France",-20.93752,55.29415
"Port de Penne Penne d'Agenais",NA,NA
"Port Louis",-20.16194,57.49889
"Port Lyautey",34.26101,-6.5802
"Port Republicain",NA,NA
"Port Republicain Haiti",NA,NA
"Porto",41.14961,-8.61099
"Porto Novo",6.49646,2.60359
"Pougues les Eaux",47.07518,3.1015
"Prag",50.08804,14.42076
"Prague",50.08804,14.42076
"Praha",50.08804,14.42076
"pres celle de Conde",NA,NA
"pres le Pont Neuf",NA,NA
"Preuilly",46.85424,0.92954
"Privas",44.735,4.59918
"Provins",48.55897,3.29939
"Puch d'Agenais",44.32936,0.24344
"puis : Alger",NA,NA
"puis : Draguignan",NA,NA
"puis : Hanoi",NA,NA
"puis : imprimeur libraire",NA,NA
"puis : Mustapha",NA,NA
"puis : n? 5",NA,NA
"puis Lyon",NA,NA
"puis Oran",NA,NA
"puis Paris",NA,NA
"Puteaux",48.88341,2.23894
"Puy Guillaume",45.96036,3.47405
"Quebec",46.81228,-71.21454
"Quemper Guezennec",48.70421,-3.10595
"Querfurt",51.38124,11.60047
"Quiberon",47.48368,-3.11986
"Quimper",47.99597,-4.09795
"Quimperle",47.87215,-3.54994
"Quinhon",NA,NA
"Quito",-0.22985,-78.52495
"R. F. Lebois",NA,NA
"Rabat",34.01325,-6.83255
"Rachgia",10.12344,105.01687
"Radeberg",51.11112,13.91199
"Rambervillers",48.3424,6.6358
"Rambouillet",48.64374,1.82992
"Ramonville Saint Agne",43.54618,1.47491
"Rauzan",44.77813,-0.12506
"Regnier Six Fours",NA,NA
"Reims",49.26526,4.02853
"Relizane",35.73734,0.55599
"Remiremont",48.01754,6.5882
"Rennes",48.11198,-1.67429
"Resicza",45.30083,21.88917
"Rethel",49.50979,4.3674
"Reunion",-21.1,55.6
"Ribeauville",48.1951,7.31938
"Rijswijk",52.03634,4.32501
"Rio de Janeiro",-22.90642,-43.18223
"Rio Janeiro",-22.90642,-43.18223
"Riom",45.89362,3.11264
"Riquewihr",48.16672,7.29707
"Rive de Gier",45.52755,4.61589
"Rixheim",47.7497,7.40203
"Roanne",46.03624,4.06802
"Roche la Moliere",45.43088,4.3282
"Rochechouart",45.88746,0.90158
"Rochecorbon",47.41658,0.75521
"Rochefort",45.94304,-0.96774
"Rochefort sur Mer",45.94304,-0.96774
"Rocroi",49.9261,4.5222
"Rodez",44.35258,2.57338
"Roissy Charles de Gaulle",49.01278,2.55
"Roissy en France",48.79159,2.64747
"Roma",41.89193,12.51133
"Romans",45.0496,5.06602
"Romans sur Isere",45.0496,5.06602
"Rome",41.89193,12.51133
"Romilly sur Seine Aube",48.51085,3.72634
"Romorantin",47.36667,1.75
"Ronchin Lille",50.59883,3.09056
"Ronneby",56.26667,15.265
"Rosario",-32.94682,-60.63932
"Roseau",15.30174,-61.38808
"Rosendael",51.04202,2.40486
"Roubaix",50.69421,3.17456
"Rouen",49.44313,1.09932
"Rouiba",30.47559,-8.77954
"Roulers Wetteren",NA,NA
"Royan",45.62811,-1.03153
"Royat",45.76497,3.05013
"Rueil",48.8765,2.18967
"Rueil Malmaison",48.8765,2.18967
"Ruffec",46.02883,0.1984
"Rufisque",14.74339,-17.19841
"Ruoms",54.99244,73.36859
"Saarbrucken",49.23262,7.00982
"Sable",47.83765,-0.33294
"Sable sur Sarthe",47.83765,-0.33294
"Sai gon",9.47806,106.1
"Saida",34.83033,0.15171
"Saigon",10.82302,106.62965
"Saigon et Hanoi",NA,NA
"Saigons",NA,NA
"Saint Affrique",43.95575,2.88915
"Saint Amand",46.72284,2.50494
"Saint Amand les Eaux",50.44718,3.43076
"Saint Amans Soult",43.4775,2.48712
"Saint Amarin",47.87494,7.0294
"Saint Antoine de Breuilh Dordogne",44.84443,0.15435
"Saint Aubin le Vertueux",49.05131,0.60725
"Saint Boniface Manitoba",49.8972,-97.11844
"Saint Brieu",48.51513,-2.76838
"Saint Brieuc",48.51513,-2.76838
"Saint Cassin",45.53517,5.8947
"Saint Christophe du Luat",48.13243,-0.46084
"Saint Claude",46.38679,5.86473
"Saint Cloud",48.84598,2.20289
"Saint Denis",-20.88231,55.4504
"Saint Denis de La Reunion",-20.88231,55.4504
"Saint Denis La Reunion",-20.88231,55.4504
"Saint Denis Reunion",-20.88231,55.4504
"Saint Die",48.28429,6.94921
"Saint Dizier",48.63773,4.94892
"Saint Donat",45.12388,4.98143
"Saint Etienne",45.43389,4.39
"Saint Eugene",45.90009,-74.24922
"Saint Eugene Alger",NA,NA
"Saint Feliu d'Amont",42.68614,2.72249
"Saint Florentin",48.00057,3.72489
"Saint Gaudens",43.10813,0.72318
"Saint Genis Laval",45.69542,4.79316
"Saint Georges de Didonne",45.60541,-0.99968
"Saint Germain de Calberte",44.218,3.80879
"Saint Germain en Laye",48.89643,2.0904
"Saint Gilles les Hauts",-21.0502,55.27
"Saint Girons",42.98491,1.14587
"Saint Helier",49.18804,-2.10491
"Saint Hilaire en Morvan",47.07726,3.88857
"Saint Hippolyte du Fort",43.96562,3.85597
"Saint Jean d'Angely",45.94408,-0.52133
"Saint Jean de Luz",43.38871,-1.66267
"Saint Jean du Var Toulon",43.12357,5.95
"Saint Jean sur Mayenne",48.13318,-0.75277
"Saint Julien",46.14434,6.08256
"Saint Julien de L'Escap",45.93367,-0.48846
"Saint Lo",49.11624,-1.09031
"Saint Louis",16.01793,-16.48962
"Saint Louis Haut Rhin",47.59206,7.55923
"Saint Louis Mo.",38.62727,-90.19789
"Saint Louis Senegal",16.01793,-16.48962
"Saint Maixent",46.4131,-0.20839
"Saint Maixent Deux Sevres",46.4131,-0.20839
"Saint Maixent i.e. Saint Maixent l'Ecole",NA,NA
"Saint Malo",48.64738,-2.00877
"Saint Mande",48.83864,2.41579
"Saint Martin de Re",14.61282,-91.59388
"Saint Martin la Meanne",45.16965,1.98705
"Saint Maur",48.79395,2.49323
"Saint Maur des Fosses",48.79395,2.49323
"Saint Maur Seine",NA,NA
"Saint Maximin",49.22182,2.45359
"Saint Nazaire",47.27506,-2.2179
"Saint Nicolas pres Nancy",NA,NA
"Saint Omer",50.74834,2.26091
"Saint Ouen",49.22667,-2.20556
"Saint Paul",-21.00961,55.27134
"Saint Paul La Reunion",-21.00961,55.27134
"Saint Paul les Dax",43.72566,-1.05283
"Saint Petersbourg",59.93863,30.31413
"Saint Pierre",59.93863,30.31413
"Saint Pierre le Moutier",46.79277,3.11657
"Saint Pierre le Moutier Nievre",46.79277,3.11657
"Saint Pierre les Calais",49.42686,3.08638
"Saint Pierre Martinique",14.69859,-61.11322
"Saint Pierre Reunion",-21.3393,55.47811
"Saint Pol sur Ternoise",50.38113,2.33407
"Saint Pons de Thomieres",43.48333,2.76667
"Saint Priest Taurion",45.88659,1.39989
"Saint Quentin",49.84889,3.28757
"Saint Quentin Charleville",NA,NA
"Saint Quentin en Yvelines",48.77186,2.01891
"Saint Raphael",43.42332,6.7735
"Saint Sauveur de Montagut",44.82142,4.57993
"Saint Servan",56.33472,-66.69833
"Saint Valery sur Somme",50.18333,1.63333
"Saint Vallier de Thiey",43.69841,6.84779
"Saint Yrieix la Perche",45.5145,1.20329
"Sainte Clotilde",-20.90429,55.47826
"Sainte Colombe par Pont Royal Cote d'Or",NA,NA
"Sainte Menehould",49.09008,4.89733
"Sainte Savine",48.29637,4.04642
"Saintes",45.74742,-0.63489
"Salernes",43.5635,6.23386
"Salies",43.89183,2.12877
"Salon de Provence",43.64229,5.09478
"Salonique",40.64361,22.93086
"Samarqand",39.65417,66.95972
"Samois sur Seine",48.45251,2.7504
"Samoreau",48.42946,2.75587
"San Antonio Texas",29.42412,-98.49363
"San Francisco",37.77493,-122.41942
"San Pedro de Macorio Do",NA,NA
"San Sebastian",43.31283,-1.97499
"Sankt Peterburg",59.93863,30.31413
"Santiago de Chile",-33.45694,-70.64827
"Sarreguemines",49.10995,7.06747
"Sarrogna",46.4675,5.61139
"Sarthe",47.83765,-0.33294
"Saumur",47.25931,-0.07808
"Sauveterre de Guyenne",44.69289,-0.08626
"Saverne",48.74164,7.36221
"Savigny",48.57409,2.58287
"Sceaux",48.77644,2.29026
"Schlettstadt",48.26195,7.4489
"Scrignac",48.43361,-3.67838
"Sedan",49.70187,4.94028
"Seez",45.62368,6.80149
"Seine",48.9535,2.31514
"Selestat",48.26195,7.4489
"Semur",47.48333,4.33333
"Semur en Auxois",47.48333,4.33333
"Senlis",49.20724,2.58661
"Sens",48.19738,3.28328
"Servaville Salmonville",49.4759,1.27014
"Sete",43.4028,3.69278
"Setif",36.19112,5.41373
"Sevres",48.82292,2.21757
"Sevres Seine et Oise",NA,NA
"Seyssel",45.95903,5.83125
"Sfax",34.74056,10.76028
"SFIO",NA,NA
"Shang hai",31.22222,121.45806
"Shangai",31.22222,121.45806
"Shanghai",31.22222,121.45806
"Sherbrooke",45.40008,-71.89908
"Sidi Bel Abbes",35.18994,-0.63085
"Siena",43.31822,11.33064
"Sigmaringen",48.08829,9.23033
"Sillery",49.19822,4.13244
"Sin le Noble",50.36159,3.13113
"Sisteron",44.19002,5.94643
"Smyrne",38.41273,27.13838
"Smyrne Izmir",38.41273,27.13838
"Soevillier",NA,NA
"Sofielund",55.58844,13.01233
"Soissons",49.38167,3.32361
"Sotteville les Rouen",49.40972,1.09005
"Souilla",36.82805,6.23314
"Souillac",44.89788,1.4738
"Souk Ahras",36.28639,7.95111
"Sous Verdun",49.32394,5.47056
"Sousse",35.82539,10.63699
"St Die",48.28429,6.94921
"St Etienne",45.43389,4.39
"St Gaudens",43.10813,0.72318
"St Germain",48.89643,2.0904
"St Jean de Maurienne",45.27534,6.35293
"St Maixent",46.4131,-0.20839
"St Petersbourg",59.93863,30.31413
"St Roch",4.53619,-52.40963
"St Victoret",43.41957,5.23396
"St. Maixent",46.4131,-0.20839
"Stenay",49.49489,5.18606
"Stockholm",59.32938,18.06871
"Strasbourg",48.58392,7.74553
"Strasburg",48.58392,7.74553
"Strassburg",48.58392,7.74553
"Strazsbourg",NA,NA
"Stroossburrj",NA,NA
"Stuttgart",48.78232,9.17702
"Suede.",62,15
"Suisse",47.00016,8.01427
"Suresnes",48.87143,2.22929
"Sydney",-33.86785,151.20732
"Sztalten",NA,NA
"Tahiti",-17.6486,-149.42951
"Tamatave",-18.1492,49.40234
"Tananarive",-18.91368,47.53613
"Tanger",35.76727,-5.79975
"Tarare",45.89614,4.433
"Tarascon sur Ariege",42.8471,1.6056
"Tarascoun sus Rose i.e. Tarascon",NA,NA
"Tarbes",43.23407,0.07139
"Tarn",43.7817,2.16317
"Tauberbischofsheim",49.62472,9.66278
"Tazilly",46.76583,3.91357
"Tebessa",35.40417,8.12417
"Temesvar",45.75372,21.22571
"Templeuve",50.52336,3.17809
"Tenes",36.41667,1.25
"Terrenoire",45.43295,4.43816
"Thanh hoa",19.8,105.76667
"Thann",47.804,7.12067
"The Hague",52.07667,4.29861
"Thiers",45.85654,3.54758
"Thiviers",45.41763,0.92143
"Thonon les bains",46.37049,6.47985
"Thonon les Bains",46.37049,6.47985
"Thouars",46.9815,-0.21175
"Tiaret",35.37103,1.31699
"Tiaret Algerie",35.37103,1.31699
"Tiaret dept. d'Oran",NA,NA
"Tiflis",41.69411,44.83368
"Tigzirt",36.88856,4.11984
"Tilly sur Seulles",49.17598,-0.62605
"Tizi Ouzou",36.71182,4.04591
"Tlemcen",34.87833,-1.315
"Tokyo",35.6895,139.69171
"Tolosa",43.60426,1.44367
"Tonneins",44.39476,0.31014
"Tonnerre",47.85628,3.97369
"Torino",45.07049,7.68682
"Toronto",43.70011,-79.4163
"Toul",48.68075,5.89115
"Toulon",43.12442,5.92836
"Toulouse",43.60426,1.44367
"Tourane",16.06778,108.22083
"Tourcoing",50.72391,3.16117
"Tournai",50.60715,3.38932
"Tournon",45.06667,4.83333
"Tournus",46.56758,4.90574
"Tours",47.35223,0.66905
"Tranchees du Vallon",NA,NA
"Trans en Provence",43.50326,6.48641
"Trevou Treguignec",48.81398,-3.35876
"Trevoux",45.94281,4.77143
"Troja Sahara",NA,NA
"Trouville sur Mer",49.3657,0.08041
"Troyes",48.30073,4.08524
"Truchtersheim",48.66313,7.60752
"Tubingen",48.52266,9.05222
"Tubingue",NA,NA
"Tulle",45.26582,1.77233
"Tunis",36.81897,10.16579
"Tunisie",36.81897,10.16579
"Turin",45.07049,7.68682
"Uppsala",59.85882,17.63889
"Uro Nouvelle Caledonie",NA,NA
"Ussel",45.54804,2.30917
"Utrecht",52.09083,5.12222
"Utrecht.",52.09083,5.12222
"Uzes",44.01251,4.41973
"Vaison",44.23896,5.07461
"Valence",39.46975,-0.37739
"Valence Drome",44.9256,4.90956
"Valence sur Rhone",44.93278,4.87372
"Valenciennes",50.35909,3.52506
"Vallauris",43.57803,7.05451
"Valognes",49.50881,-1.47047
"Valreas",44.3849,4.99125
"Vals",46.61647,9.18025
"Vannes",47.65688,-2.76205
"Vanves",48.82345,2.29025
"Varsovie",52.22977,21.01178
"Vence",43.72254,7.11183
"Vendome",47.79292,1.06556
"Venise",45.08338,-73.13245
"Verdun",49.15964,5.3829
"Verdun sur Meuse",49.15964,5.3829
"Verneuil",48.73949,0.92731
"Verneuil sur Avre",48.73949,0.92731
"Vernon",49.09292,1.46332
"Vernou sur Brenne",47.41936,0.84757
"Versailles",48.80359,2.13424
"Verviers",50.58907,5.86241
"Vervins",49.8351,3.90925
"Vesoul",47.62604,6.14251
"Vichy",46.12709,3.42577
"Vienne",48.20849,16.37208
"Vienne Autriche",48.20849,16.37208
"Vienne en Dauphine",NA,NA
"Vientiane",17.96667,102.6
"Vierzon",47.22186,2.0684
"Ville Affranchie",NA,NA
"Villedieu",46.84598,1.53975
"Villedieu Vaison",NA,NA
"Villedieu Vaucluse",44.28427,5.03499
"Villefranche",45.98967,4.71961
"Villefranche de Rouergue",44.35166,2.03702
"Villefranche en Haute Guienne",NA,NA
"Villefranche sur Saone",45.98967,4.71961
"Villejuif",48.7939,2.35992
"Villeneuve d'Ascq",50.61669,3.16664
"Villeneuve de Berg",44.55699,4.50215
"Villeneuve sur Lot",44.40854,0.70415
"Villeneuve Vaison",NA,NA
"Villers Cotterets",49.25311,3.09003
"Villers le Lac",47.06319,6.66699
"Villerupt",49.46715,5.93202
"Villeurbanne",45.76601,4.8795
"Villiers le Bel",49.00875,2.39819
"Vincennes",48.8486,2.43769
"Vinh",10.25369,105.9722
"Vire",48.83849,-0.88929
"Viry",48.67211,2.39318
"Vitry",48.78716,2.40332
"Vitry le Francois",48.72472,4.58439
"Vitry sur Seine",48.78716,2.40332
"Voiron",45.36471,5.5856
"Voiron Isere",45.36471,5.5856
"Voix publique",NA,NA
"Voorburg",52.07417,4.35972
"Voorburg en Leidschendam.",52.07417,4.35972
"Vouvray",47.41087,0.79892
"Vouziers",49.39791,4.7012
"Voves",48.27138,1.62583
"Waltwilder par Bilsen Belgique",NA,NA
"Wara",9.78319,-11.79086
"Warszawa",52.22977,21.01178
"Wartzawa",NA,NA
"Washington",38.89511,-77.03637
"Wasquehal",50.67043,3.13382
"Wassy",48.49811,4.94775
"We Francji",NA,NA
"Weimar",50.9803,11.32903
"Weissenburg",49.03095,10.97221
"Wenchow",27.99942,120.66682
"Wien",48.20849,16.37208
"Wiesbaden",50.08258,8.24932
"Wilna",54.68916,25.2798
"Wintzenheim",48.07269,7.29072
"Wroclaw",51.1,17.03333
"Wurzburg",49.79391,9.95121
"Yaounde",3.86667,11.51667
"Yonne",47.91667,3.75
"Yssingeaux",45.14282,4.12372
"Zaadam",NA,NA
"Zagreb",45.81444,15.97798
"Zeist",52.09,5.23333
"Zurich",47.36667,8.55
"Zwolle",52.5125,6.09444
